<?xml version="1.0" encoding="UTF-8"?>
<beans xmlns="http://www.springframework.org/schema/beans"
	xmlns:xsi="http://www.w3.org/2001/XMLSchema-instance"
	xmlns:mvc="http://www.springframework.org/schema/mvc"
	xmlns:p="http://www.springframework.org/schema/p"
	xmlns:context="http://www.springframework.org/schema/context"
	xmlns:aop="http://www.springframework.org/schema/aop"
	xmlns:tx="http://www.springframework.org/schema/tx"
	xsi:schemaLocation="
       		http://www.springframework.org/schema/beans
            http://www.springframework.org/schema/beans/spring-beans-4.0.xsd
            http://www.springframework.org/schema/context 
            http://www.springframework.org/schema/context/spring-context-4.0.xsd
            http://www.springframework.org/schema/aop 
            http://www.springframework.org/schema/aop/spring-aop-4.0.xsd
            http://www.springframework.org/schema/tx 
            http://www.springframework.org/schema/tx/spring-tx-4.0.xsd
            http://www.springframework.org/schema/mvc 
            http://www.springframework.org/schema/mvc/spring-mvc-4.0.xsd
            http://www.springframework.org/schema/context 
            http://www.springframework.org/schema/context/spring-context-4.0.xsd">

	<!--整合mybatis
			sqlseesionFactroyBuilder
			sqlsessionFactory
			sqlSession
			映射器
			dataSource
			typeAlies
			
			事务
			
	  -->
	 <!--引入db.properties的文件 --> 
	<context:property-placeholder location="classpath:db.properties"/>
	
	<!--配置数据源  -->
	<bean id="dataSource" class="org.apache.commons.dbcp2.BasicDataSource" destroy-method="close"> 
		<property name="driverClassName" value="${driver}" />
		<property name="url" value="${url}" />
		<property name="username" value = "${name}"/>
		<property name="password" value = "${password}"/>
	</bean>
	
	<!--配置sqlsessionFactory  -->
	<bean id="sqlSessionFactory" class="org.mybatis.spring.SqlSessionFactoryBean">
  		<property name="dataSource" ref="dataSource" />
  		<property name="typeAliasesPackage" value="com.chinasoft.pojo" />
  		<property name="mapperLocations" value="classpath:com/chinasoft/mapper/*.xml" />
	</bean>

	
	<!-- 一劳永益的映射器 -->	
	<bean class="org.mybatis.spring.mapper.MapperScannerConfigurer">
  		<property name="basePackage" value="com.chinasoft.mapper" />
	</bean>
	
	<!-- 标准配置事务 -->
	<bean id="transactionManager" class="org.springframework.jdbc.datasource.DataSourceTransactionManager">
  		<constructor-arg ref="dataSource" />
	</bean>
</beans>