<?xml version="1.0" encoding="UTF-8"?>
<beans xmlns="http://www.springframework.org/schema/beans"
	xmlns:xsi="http://www.w3.org/2001/XMLSchema-instance"
	xmlns:mvc="http://www.springframework.org/schema/mvc"
	xmlns:p="http://www.springframework.org/schema/p"
	xmlns:context="http://www.springframework.org/schema/context"
	xmlns:aop="http://www.springframework.org/schema/aop"
	xmlns:tx="http://www.springframework.org/schema/tx"
	xsi:schemaLocation="
       		http://www.springframework.org/schema/beans
            http://www.springframework.org/schema/beans/spring-beans-4.0.xsd
            http://www.springframework.org/schema/context 
            http://www.springframework.org/schema/context/spring-context-4.0.xsd
            http://www.springframework.org/schema/aop 
            http://www.springframework.org/schema/aop/spring-aop-4.0.xsd
            http://www.springframework.org/schema/tx 
            http://www.springframework.org/schema/tx/spring-tx-4.0.xsd
            http://www.springframework.org/schema/mvc 
            http://www.springframework.org/schema/mvc/spring-mvc-4.0.xsd
            http://www.springframework.org/schema/context 
            http://www.springframework.org/schema/context/spring-context-4.0.xsd">

	<!--扫描注解包 -->
	<context:component-scan
		base-package="com.chinasoft" />




	<!--开启全注解模式 -->
	<mvc:annotation-driven>
		<mvc:message-converters>
			<ref bean="stringHttpMessageConverter" />
			<ref bean="mappingJackson2HttpMessageConverter"/>
		</mvc:message-converters>
	</mvc:annotation-driven>




	<!--开启所有静态资源访问 -->
	<mvc:default-servlet-handler />
	<!--(location是指webroot下的所在路径,mapping是指要处理的映射。 -->
	<mvc:resources location="/img/" mapping="/img/**" />




	<!--ie浏览器json中文乱码问题  -->
	<bean id="stringHttpMessageConverter"
		class="org.springframework.http.converter.StringHttpMessageConverter" />
	<!--解决IE浏览器json文件下载和json数据中文乱码的问题 -->
	<bean id="mappingJackson2HttpMessageConverter"
		class="org.springframework.http.converter.json.MappingJackson2HttpMessageConverter">
		<property name="supportedMediaTypes">
			<list>
				<value>text/html;charset=UTF-8</value>
				<value>application/json;charset=UTF-8</value>
			</list>
		</property>
	</bean>




	<!--视图解析器  -->
	 <bean class="org.springframework.web.servlet.view.InternalResourceViewResolver">
	 	<property name="prefix" value="/WEB-INF/jsps/"></property>
	 	<property name="suffix" value=".jsp"></property>
	 </bean>


	<bean id="multipartResolver" class="org.springframework.web.multipart.commons.CommonsMultipartResolver">
		<!-- 可用属性之一; 最大文件大小（以字节为单位） -->
		<property name="maxUploadSize" value="10000000"/>
	</bean>



	
</beans>