<?xml version="1.0" encoding="UTF-8" ?>
<!DOCTYPE mapper
  PUBLIC "-//mybatis.org//DTD Mapper 3.0//EN"
  "http://mybatis.org/dtd/mybatis-3-mapper.dtd">
<mapper namespace="com.chinasoft.mapper.PositionMapper">

	<insert id="insertPosition" parameterType="Position">
		insert into position
		(departmentID,positionName,positionMessage)
		values
		<if test="departmentID!=null">
			(#{departmentID},
		</if>
		<if test="positionName!=null">
			#{positionName},
		</if>
		<if test="positionMessage!=null">
			#{positionMessage})
		</if>
	</insert>
	
	<delete id="deletePosition">
		delete  from position where positionID in (
		<foreach collection="names"  separator=","  item="name">
            #{name}
        </foreach>
        )
	</delete>

	<select resultType="Position" id="selectAll">
		select * from position natural join department order by positionName
	</select>
	
	<select resultType="Position" id="selectByname" parameterType="String">
		select * from position where positionName = #{positionName}
	</select>
	
	<select id="checkUser" parameterType="int" resultType="User">
		select * from user u left join position p on u.position_id = p.positionID where p.positionID in
			(
				<foreach collection="pos_ids"  separator=","  item="index">
           	 		#{index}
        		</foreach>
        	)
	</select>
	
	<select resultType="Position" id="selectBymessage" parameterType="String">
		select * from position natural join department where 
		(positionName like concat('%', #{positionMessage}, '%') 
		or positionMessage like concat('%', #{positionMessage}, '%') )
		<if test='departmentName !=null and departmentName !="" '>
			and departmentName = #{departmentName}
		</if>
		order by positionName
	</select>
	
	<select id="getNum" parameterType="int" resultType="int">
		select count(position_id) from user where  position_id=#{positionID}
	</select>
	
	<select resultType="String" id="selectByid" parameterType="Integer">
		select positionName from position where positionID = #{positionID}
	</select>
	
	<select id="getIdByname" parameterType="String" resultType="int">
		select departmentID from department where departmentName = #{subordinate_dept}
	</select>
	
	<update id="updatePosition" parameterType="Position">
		update position set
		<if test="departmentID != null">
			departmentID = #{departmentID}
		</if>
		<if test="new_pos_name != null">
			,positionName = #{new_pos_name}
		</if>
		<if test="new_pos_desc != null">
			,positionMessage = #{new_pos_desc}
		</if>
		where positionID = #{pos_id}
	</update>
</mapper>