<?xml version="1.0" encoding="UTF-8" ?>
<!DOCTYPE mapper
  PUBLIC "-//mybatis.org//DTD Mapper 3.0//EN"
  "http://mybatis.org/dtd/mybatis-3-mapper.dtd">
<mapper namespace="com.chinasoft.mapper.UserMapper">

	<insert id="insertUser"
		parameterType="com.chinasoft.pojo.User">
		insert into user
		(username,password,groupId,createdDate)
		values(#{username},#{password},#{groupId},#{createdDate})
	</insert>
	
	<delete id="deleteUser" parameterType="String">
		delete  from user where username in (
		<foreach collection="username"  separator=","  item="username">
            #{username}
        </foreach>
        )
	</delete>
	
	<select id="selectByName" parameterType="String" resultType="User">
		select * from user u
		left join department d on u.department_id = d.departmentID
			left join position p on u.position_id = p.positionID
			where username=#{username}
	</select>
	
	<select id="selectByid" parameterType="int" resultType="User">
		select * from user u
		left join department d on u.department_id = d.departmentID
			left join position p on u.position_id = p.positionID 
		where user_id=#{user_id}
	</select>
	
	<select resultType="User" id="selectUser" parameterType="User">
		select * from user u
			left join department d on u.department_id = d.departmentID
			left join position p on u.position_id = p.positionID
		<trim prefix="WHERE" prefixOverrides="AND">
			<if test='positionName != null and positionName!=""'>
			    p.positionName = #{positionName}
			</if>
			<if test='username != null and username !=""'>
				and u.username like concat('%', #{username}, '%') 
			</if>
			<if test='idCardNo != null and idCardNo!=""'>
				and u.idCardNo like concat('%', #{idCardNo}, '%') 
			</if>
			<if test='name != null and name!=""'>
				and u.name like concat('%', #{name}, '%') 
			</if>
			<if test='departmentName != null and departmentName!=""'>
				and d.departmentName like concat('%', #{departmentName}, '%') 
			</if>
		</trim>
		order by u.username
	</select>
	
	<select id="selectAll" resultType="User">
		select * from user u
			left join department d on u.department_id = d.departmentID
			left join position p on u.position_id = p.positionID
		order by username
	</select>
	
	<select id="login" parameterType="String" resultType="User">
		select * from user u
		left join department d on u.department_id = d.departmentID
			left join position p on u.position_id = p.positionID
		where username = #{username} and password = #{password}
	</select>
	
	<update id="updateUser" parameterType="com.chinasoft.pojo.User">
		update user
		set password = #{password}

			,phone = #{phone}


			,groupId = #{groupId}


			,name = #{name}


			,sex = #{sex}


			,email = #{email}

			,position_id = #{position_id}


			,education = #{education}


			,idCardNo = #{idCardNo}


			,department_id = #{department_id}


			,address = #{address}


			,createdDate = #{createdDate}

		where username = #{username}
	</update>
	
	<select id="getGroupId" parameterType="int" resultType="int">
		select groupId from user where  user_id = #{user_id}
	</select>
	
	<select id="getPosition_id" parameterType="String" resultType="int">
		select positionID from position natural join department where  positionName = #{positionName} and departmentName = #{departmentName}
	</select>
	
	<select id="getDepartment_id" parameterType="String" resultType="int">
		select departmentID from department where  departmentName = #{departmentName}
	</select>
	
	<update id="registerface" parameterType="String">
		update user
		set face_id = #{faceid}
		where user_id = #{user_id}
	</update>
	
	<update id="editPassword" parameterType="String">
		update user set password = #{newPassword} where username = #{username}
	</update>
	
	<select id="selectDetail" parameterType="String" resultType="User">
		select * from user u
			left join department d on u.department_id = d.departmentID
			left join position p on u.position_id = p.positionID 
			where  username = #{username}
	</select>
	
	<select id="selectNameById" parameterType="int" resultType="String">
		select name from user where user_id = #{user_id}
	</select>
	
</mapper>